TIPO,DIRECCION,IDENTIFICADOR,"CODIGO,N,8,0","CODNDP,N,19,0",AREA,PERIMETRO,DISTRITO,BARRIO,LATITUD,LONGITUD
AREA DE MAYORES,CALLE CANARIAS 17,3485,402001,11010094,"295,346","69,12",ARGANZUELA,PALOS DE MOGUER,40.402191,-3.695649
AREA DE MAYORES,CALLE GASOMETRO 32,9969,402003,31044316,"58,122","28,62",ARGANZUELA,ACACIAS,40.402437,-3.707992
AREA DE MAYORES,RONDA SEGOVIA 48,9972,402002,20184196,"57,992","31,28",ARGANZUELA,IMPERIAL,40.407153,-3.713662
AREA DE MAYORES,CALLE TEJO 5,12215,402004,20139391,0,0,ARGANZUELA,ATOCHA,40.39705,-3.67765
AREA DE MAYORES,CALLE PUERTO DE BEJAR 3,12883,402007,20000289,0,0,ARGANZUELA,LEGAZPI,40.387563,-3.688315
AREA DE MAYORES,CALLE PARROCO EUSEBIO CUENCA 13,12828,402005,31041801,0,0,ARGANZUELA,DELICIAS,40.395039,-3.687989
AREA DE MAYORES,PASEO JUAN ANTONIO VALLEJO-NAJERA BOTAS 15,12914,402006,31041998,0,0,ARGANZUELA,ACACIAS,40.401085,-3.705137
AREA DE MAYORES,CALLE BAHIA DE SANTA POLA 56,13102,494001,20148724,0,0,BARAJAS,CORRALEJOS,40.467467,-3.593134
AREA DE MAYORES,CALLE BERGANTIN 26,13229,9900012,31043159,0,0,BARAJAS,ALAMEDA DE OSUNA,40.459246,-3.582808
AREA DE MAYORES,CALLE ACUARIO 27,7505,421007,11140825,"77,852",40.8,BARAJAS,CASCO HIST�RICO DE BARAJAS,40.474591,-3.579973
AREA DE MAYORES,CALLE NORAY 3,11035,421004,20047389,0,0,BARAJAS,ALAMEDA DE OSUNA,40.450905,-3.596759
AREA DE MAYORES,CALLE PRADOLUENGO 123,11023,421005,11140190,0,0,BARAJAS,AEROPUERTO,40.451065,-3.583397
AREA DE MAYORES,CALLE AYERBE 12,4873,421002,11140553,"83,665","36,42",BARAJAS,CASCO HIST�RICO DE BARAJAS,40.468351,-3.580727
AREA DE MAYORES,CALLE ALAS 2,7256,421006,11141161,"77,852",40.8,BARAJAS,TIM�N,40.47197,-3.58499
AREA DE MAYORES,CALLE BAHIA DE SANTOA 6,9952,421003,31008417,"122,621","44,25",BARAJAS,CORRALEJOS,40.465949,-3.589778
AREA DE MAYORES,CALLE CARABELA 7,4825,421004,20107539,0,0,BARAJAS,ALAMEDA DE OSUNA,40.455161,-3.58711
AREA DE MAYORES,PLAZA SAN VICENTE DE PAUL 5,13065,411015,11079239,0,0,CARABANCHEL,ABRANTES,40.385425,-3.726335
AREA DE MAYORES,CALLE ANTONIO DE LEYVA 35,8101,411001,31044608,"106,466","41,33",CARABANCHEL,COMILLAS,40.392251,-3.714617
AREA DE MAYORES,AVENIDA NUESTRA SEORA DE VALVANERA 117,9863,411010,11074192,"724,916","107,99",CARABANCHEL,VISTA ALEGRE,40.392487,-3.740672
AREA DE MAYORES,CALLE PORTALEGRE 73,3613,411004,11070164,"97,347","44,15",CARABANCHEL,OPA�EL,40.38576,-3.723105
AREA DE MAYORES,PLAZA CANTORIA 1,10079,411007,20021306,"53,433",40.12,CARABANCHEL,OPA�EL,40.392685,-3.722787
AREA DE MAYORES,CALLE NUESTRA SEORA DE LA LUZ 9,2950,411006,20168099,0,0,CARABANCHEL,VISTA ALEGRE,40.382744,-3.742658
AREA DE MAYORES,CALLE GENERAL RICARDOS 126,4217,411013,31028689,0,0,CARABANCHEL,SAN ISIDRO,40.391786,-3.727177
AREA DE MAYORES,CALLE GENERAL RICARDOS 155,11028,411009,31028659,0,0,CARABANCHEL,OPA�EL,40.38823,-3.731388
AREA DE MAYORES,CALLE PARQUE EUGENIA DE MONTIJO 1,2868,411003,31044609,"131,286","45,2",CARABANCHEL,VISTA ALEGRE,40.378912,-3.754322
AREA DE MAYORES,CALLE PARQUE EUGENIA DE MONTIJO 42,2892,411008,11074955,0,0,CARABANCHEL,VISTA ALEGRE,40.379394,-3.751497
AREA DE MAYORES,CALLE MONSEOR OSCAR ROMERO 77,2925,411012,31050695,0,0,CARABANCHEL,VISTA ALEGRE,40.382037,-3.750512
AREA DE MAYORES,CALLE VIA LUSITANA 1,4090,411011,11078650,"194,696","55,25",CARABANCHEL,ABRANTES,40.382536,-3.720394
AREA DE MAYORES,CALLE VIA LUSITANA 19,8254,411002,20024802,"229,346","61,56",CARABANCHEL,ABRANTES,40.376863,-3.726489
AREA DE MAYORES,CALLE CARONTE 16,4198,411005,31014178,0,0,CARABANCHEL,SAN ISIDRO,40.397429,-3.725521
AREA DE MAYORES,CALLE MARQUES DE LA ENSENADA 1,13193,401008,20128851,0,0,CENTRO,JUSTICIA,40.424226,-3.694418
AREA DE MAYORES,CUESTA SANTO DOMINGO 22,5619,401004,11000189,0,0,CENTRO,PALACIO,40.4201,-3.708452
AREA DE MAYORES,PLAZA SANTA MARIA SOLEDAD TORRES ACOSTA 1,5629,401002,31037270,"3,499","11,98",CENTRO,UNIVERSIDAD,40.420897,-3.704868
AREA DE MAYORES,GLORIETA PUERTA DE TOLEDO 1,5567,401005,20105763,"137,696","47,7",CENTRO,EMBAJADORES,40.407288,-3.71071
AREA DE MAYORES,CALLE EMBAJADORES 66,5544,401006,31047998,"223,688","59,8",CENTRO,EMBAJADORES,40.4067,-3.704209
AREA DE MAYORES,PLAZA SANTA BARBARA 7,7341,401007,20103471,"60,641","31,59",CENTRO,JUSTICIA,40.427175,-3.696187
AREA DE MAYORES,PLAZA SANTA BARBARA 8,10126,401003,11005154,"143,587","47,92",CENTRO,JUSTICIA,40.427119,-3.703772
AREA DE MAYORES,PLAZA COMENDADORAS 9,5608,401001,11006381,"169,407","53,43",CENTRO,UNIVERSIDAD,40.427238,-3.70919
AREA DE MAYORES,CALLE SEGOVIA 30,12983,9900015,31047537,0,0,CENTRO,PALACIO,40.414222,-3.719947
AREA DE MAYORES,CALLE VICTOR DE LA SERNA 25,12834,405008,11025171,0,0,CHAMART�N,HISPANOAM�RICA,40.455353,-3.672315
AREA DE MAYORES,PLAZA ANDRES MANJON 7,12910,405006,11027371,0,0,CHAMART�N,CASTILLA,40.478305,-3.685125
AREA DE MAYORES,CALLE PUENTEAREAS 20,13199,405007,31021351,0,0,CHAMART�N,PROSPERIDAD,40.444119,-3.668846
AREA DE MAYORES,CALLE PECHUAN 1,13259,405009,20103056,0,0,CHAMART�N,CIUDAD JARD�N,40.444786,-3.67708
AREA DE MAYORES,CALLE SANTA RITA 1,9148,405001,31026122,"120,869","45,92",CHAMART�N,PROSPERIDAD,40.446069,-3.668712
AREA DE MAYORES,CALLE PADRE CLARET 38,10541,405004,31041818,"28,607","22,77",CHAMART�N,PROSPERIDAD,40.452014,-3.664647
AREA DE MAYORES,CALLE VINAROZ 29,11026,405005,11024027,0,0,CHAMART�N,CIUDAD JARD�N,40.448127,-3.677209
AREA DE MAYORES,CALLE DOCTOR MARCO CORERA 2,3212,405003,31052956,0,0,CHAMART�N,CIUDAD JARD�N,40.449845,-3.676109
AREA DE MAYORES,PASEO CASTELLANA 300,6938,405002,20151190,"198,412","61,21",CHAMART�N,CASTILLA,40.480318,-3.685151
AREA DE MAYORES,CALLE RODRIGUEZ SAN PEDRO 3,13057,407006,31041841,0,0,CHAMBERI,ARAPILES,40.43132,-3.707128
AREA DE MAYORES,CALLE RAIMUNDO FERNANDEZ VILLAVERDE 28,3596,407004,31047945,"142,944","48,13",CHAMBERI,RIOS ROSAS,40.446315,-3.699319
AREA DE MAYORES,CALLE BRAVO MURILLO 49,3991,407002,31044176,"171,295","52,76",CHAMBERI,VALLEHERMOSO,40.438962,-3.704922
AREA DE MAYORES,CALLE BLASCO DE GARAY 38,5603,407003,31008009,"67,479","37,43",CHAMBERI,ARAPILES,40.43353,-3.711454
AREA DE MAYORES,PLAZA OLAVIDE 17,3905,407001,31048931,"91,926","39,41",CHAMBERI,TRAFALGAR,40.432941,-3.701222
AREA DE MAYORES,CALLE DOMENICO SCARLATTI 2,12216,407005,11042753,0,0,CHAMBERI,VALLEHERMOSO,40.442,-3.716131
AREA DE MAYORES,CALLE EZEQUIEL SOLANA 41,13190,9920002,11105576,0,0,CIUDAD LINEAL,PUEBLO NUEVO,40.431085,-3.644975
AREA DE MAYORES,CALLE MISTERIOS 13,13256,9900003,11108210,0,0,CIUDAD LINEAL,QUINTANA,40.438838,-3.640072
AREA DE MAYORES,CALLE JAZMIN 3,13257,9900010,20134674,0,0,CIUDAD LINEAL,COSTILLARES,40.478015,-3.667802
AREA DE MAYORES,CALLE DOCTOR CIRAJAS 1,8228,415002,31032470,"188,234","54,36",CIUDAD LINEAL,PUEBLO NUEVO,40.435647,-3.638219
AREA DE MAYORES,CALLE JOSE DEL HIERRO 3,3318,415003,20094445,"221,809","59,02",CIUDAD LINEAL,CONCEPCI�N,40.436106,-3.651054
AREA DE MAYORES,AVENIDA MARQUES DE CORBERA 4,5902,415001,20167853,"66,448","32,64",CIUDAD LINEAL,VENTAS,40.421805,-3.656387
AREA DE MAYORES,CALLE SAN BALDOMERO 16,12214,415004,11107039,0,0,CIUDAD LINEAL,PUEBLO NUEVO,40.423438,-3.638167
AREA DE MAYORES,PASEO VAGUADA 13,11024,408002,20095218,"436,863","99,22",FUENCARRAL - ELPARDO,PILAR,40.479481,-3.710376
AREA DE MAYORES,PLAZA TRES OLIVOS 26,13060,408013,20150231,0,0,FUENCARRAL - ELPARDO,VALVERDE,40.500923,-3.690223
AREA DE MAYORES,CALLE ANTONIO LOPEZ AGUADO 3,13186,408011,11046923,0,0,FUENCARRAL - ELPARDO,LA PAZ,40.481727,-3.701294
AREA DE MAYORES,CALLE FERMIN CABALLERO 17,13187,408012,31033930,0,0,FUENCARRAL - ELPARDO,LA PAZ,40.485826,-3.701228
AREA DE MAYORES,PLAZA FONSAGRADA 6,2651,408004,31045309,0,0,FUENCARRAL - ELPARDO,PILAR,40.476686,-3.708367
AREA DE MAYORES,CALLE MADERUELO 15,8104,408003,11047736,"75,176",40.88,FUENCARRAL - ELPARDO,VALVERDE,40.492388,-3.687828
AREA DE MAYORES,CALLE FRESNEDILLAS 12,4502,408005,20167454,"157,49","48,83",FUENCARRAL - ELPARDO,FUENTELAREINA,40.479192,-3.739949
AREA DE MAYORES,CALLE GABRIELA MISTRAL 12,10034,408006,11051271,"112,008","42,29",FUENCARRAL - ELPARDO,PE�AGRANDE,40.481998,-3.737518
AREA DE MAYORES,CALLE MIRADOR DE LA REINA 137,6279,408007,31049540,"49,015","28,99",FUENCARRAL - ELPARDO,MIRASIERRA,40.490879,-3.716653
AREA DE MAYORES,CALLE MARIA DE MAEZTU 120,5144,408008,31050035,"212,925","58,32",FUENCARRAL - ELPARDO,MIRASIERRA,40.494593,-3.723349
AREA DE MAYORES,CALLE MANUEL ALONSO 8,11031,408001,31051877,0,0,FUENCARRAL - ELPARDO,EL PARDO,40.51818,-3.774308
AREA DE MAYORES,CALLE GARITA 2,12672,408094,11043235,0,0,FUENCARRAL - ELPARDO,EL PARDO,40.533219,-3.782446
AREA DE MAYORES,CALLE SAN MODESTO 3,12651,408010,20117779,0,0,FUENCARRAL - ELPARDO,VALVERDE,40.483408,-3.685508
AREA DE MAYORES,CALLE JOAQUIN LORENZO 33,13055,408014,20158010,0,0,FUENCARRAL - ELPARDO,PE�AGRANDE,40.474086,-3.726043
AREA DE MAYORES,CALLE OA 10,13067,9900006,20135901,0,0,HORTALEZA,VALDEFUENTES,40.489344,-3.665986
AREA DE MAYORES,CALLE DOA GUIOMAR 2,13068,9900008,20155578,0,0,HORTALEZA,APOSTOL SANTIAGO,40.476688,-3.655292
AREA DE MAYORES,CALLE BACARES 22,6697,416009,31041741,"288,508","69,19",HORTALEZA,APOSTOL SANTIAGO,40.477092,-3.661975
AREA DE MAYORES,CALLE MAR ADRIATICO 7,6905,416003,20076191,"200,573","63,34",HORTALEZA,PINAR DEL REY,40.471175,-3.640817
AREA DE MAYORES,CALLE ANDORRA 28,9826,416007,20000190,"107,093",40.1,HORTALEZA,CANILLAS,40.459341,-3.643322
AREA DE MAYORES,CALLE MIGUEL RIESCO 16,9833,416006,20087335,"79,436","41,08",HORTALEZA,CANILLAS,40.463318,-3.631836
AREA DE MAYORES,CALLE ACONCAGUA 4,9839,416008,31017762,"43,901","30,85",HORTALEZA,CANILLAS,40.468117,-3.629679
AREA DE MAYORES,CALLE MAR DE LAS ANTILLAS 8,9844,416005,31012935,"101,472",40.94,HORTALEZA,PINAR DEL REY,40.475216,-3.645489
AREA DE MAYORES,CALLE FRANCISCO UMBRAL 41,5689,416001,31042729,"198,129","53,36",HORTALEZA,VALDEFUENTES,40.480128,-3.626561
AREA DE MAYORES,CALLE MORERUELA 45,9850,416002,20085886,"284,084","70,64",HORTALEZA,VALDEFUENTES,40.483532,-3.631583
AREA DE MAYORES,CALLE JULIO DANVILA 15,6703,416004,31011578,"52,57","29,58",HORTALEZA,APOSTOL SANTIAGO,40.472248,-3.663554
AREA DE MAYORES,AVENIDA PADRE PIQUER 23,10035,410007,11065608,"72,063","47,72",LATINA,ALUCHE,40.392352,-3.767085
AREA DE MAYORES,CALLE CEBREROS 50,13063,410014,11063107,0,0,LATINA,LUCERO,40.404635,-3.746826
AREA DE MAYORES,CALLE ROMPEDIZO 15,13064,9900004,31008043,0,0,LATINA,AGUILAS,40.375813,-3.760942
AREA DE MAYORES,CARRETERA BOADILLA DEL MONTE 34,13255,401012,11066400,0,0,LATINA,CAMPAMENTO,40.399706,-3.77393
AREA DE MAYORES,AVENIDA LAS AGUILAS 110,5248,410005,31045343,"112,964","42,87",LATINA,AGUILAS,40.381493,-3.778778
AREA DE MAYORES,CALLE CASTROSERNA 4,7122,410004,31017760,"180,365","53,86",LATINA,LUCERO,40.401666,-3.749247
AREA DE MAYORES,PLAZA CUACOS DE YUSTE 1,7823,410009,20052437,"109,798","45,32",LATINA,AGUILAS,40.378329,-3.780714
AREA DE MAYORES,CALLE MARCELINO CASTILLO 29,9869,410002,31041698,"61,637","31,84",LATINA,ALUCHE,40.393239,-3.745828
AREA DE MAYORES,CALLE VALMOJADO 12,3244,410008,31044416,"62,457","31,65",LATINA,ALUCHE,40.390283,-3.759007
AREA DE MAYORES,CALLE QUERO 59,3243,410001,11065361,"110,793","43,05",LATINA,ALUCHE,40.390653,-3.759897
AREA DE MAYORES,CALLE CARAMUEL 53,9888,410003,31041297,"87,983","37,84",LATINA,PUERTA DEL ANGEL,40.408204,-3.729008
AREA DE MAYORES,PASEO LANCEROS 2,13011,410011,11066920,0,0,LATINA,CAMPAMENTO,40.379526,-3.793312
AREA DE MAYORES,AVENIDA AVIACION 73,12935,410013,11068076,0,0,LATINA,AGUILAS,40.374802,-3.775025
AREA DE MAYORES,CALLE RAFAEL FINAT 44,11029,410010,31035960,0,0,LATINA,AGUILAS,40.379373,-3.77091
AREA DE MAYORES,CALLE ESCULTOR PERESEJO 70,11032,409008,20063785,0,0,MONCLOA - ARAVACA,ARAVACA,40.453383,-3.789886
AREA DE MAYORES,CALLE VIRGEN DE LOS ROSALES 102,11033,409009,20102242,"226,693","61,17",MONCLOA - ARAVACA,ARAVACA,40.453343,-3.78302
AREA DE MAYORES,CALLE CAROLI 4,11034,409003,11056909,0,0,MONCLOA - ARAVACA,ARAVACA,40.458971,-3.784598
AREA DE MAYORES,AVENIDA DOCTOR FEDERICO RUBIO Y GALI 63,13258,409014,31041696,0,0,MONCLOA - ARAVACA,CIUDAD UNIVERSITARIA,40.453401,-3.714224
AREA DE MAYORES,CALLE VALDERREY 40,3763,409011,11054879,"73,548","38,55",MONCLOA - ARAVACA,VALDEZARZA,40.467487,-3.720136
AREA DE MAYORES,CALLE ANICETO MARINAS 98,3062,409999,31033213,"81,154","37,32",MONCLOA - ARAVACA,CASA DE CAMPO,40.428215,-3.730631
AREA DE MAYORES,CALLE ALCALDE MARTIN DE ALZAGA 19,9315,409007,31001534,"83,073","36,56",MONCLOA - ARAVACA,VALDEZARZA,40.463178,-3.716549
AREA DE MAYORES,CALLE VALDERREY 52,10108,409006,31045356,"80,805","36,27",MONCLOA - ARAVACA,VALDEZARZA,40.466528,-3.718566
AREA DE MAYORES,CALLE VALDERROMAN 24,10116,409012,31050681,"43,023","31,42",MONCLOA - ARAVACA,VALDEZARZA,40.470438,-3.721022
AREA DE MAYORES,AVENIDA VALLADOLID 4,12847,409013,31041694,0,0,MONCLOA - ARAVACA,CASA DE CAMPO,40.428462,-3.727787
AREA DE MAYORES,CALLE GENERAL CADENAS CAMPOS 21,10103,409010,11055578,"58,876","43,45",MONCLOA - ARAVACA,VALDEZARZA,40.46111,-3.713653
AREA DE MAYORES,CALLE CAMINO DE LOS VINATEROS 107,5177,414999,31046138,"164,235","51,39",MORATALAZ,MARROQUINA,40.409002,-3.645639
AREA DE MAYORES,CALLE ARROYO DE LAS PILILLAS 41,9518,414001,11101790,"91,465","43,72",MORATALAZ,MEDIA LEGUA,40.406921,-3.652124
AREA DE MAYORES,CALLE CAMINO DE LOS VINATEROS 134,5330,414003,11103187,"210,371","60,09",MORATALAZ,VINATEROS,40.406608,-3.646199
AREA DE MAYORES,CALLE ARROYO DE LAS PILILLAS 56,12967,414005,20160679,0,0,MORATALAZ,MARROQUINA,40.407416,-3.651413
AREA DE MAYORES,CALLE ARROYO BELINCOSO 13,12979,414004,31003213,0,0,MORATALAZ,MEDIA LEGUA,40.410272,-3.653238
AREA DE MAYORES,CALLE FUENTE CARRANTONA 4,12949,414006,20098128,0,0,MORATALAZ,PAVONES,40.39759,-3.638072
AREA DE MAYORES,CALLE BENJAMIN PALENCIA 24,13221,413012,20002314,0,0,PUENTE DE VALLECAS,PORTAZGO,40.394316,-3.647478
AREA DE MAYORES,AVENIDA ENTREVIAS 50,3929,413003,11089595,"387,038","78,7",PUENTE DE VALLECAS,ENTREV�AS,40.381954,-3.668594
AREA DE MAYORES,CALLE MARISMAS 61,3603,413009,11099315,"139,434","46,49",PUENTE DE VALLECAS,NUMANCIA,40.401466,-3.653072
AREA DE MAYORES,CALLE BENJAMIN PALENCIA 2,9534,413008,20002299,"165,767","51,89",PUENTE DE VALLECAS,NUMANCIA,40.396911,-3.65529
AREA DE MAYORES,CALLE ESCRITOR 4,9540,413001,20003173,"66,442","35,99",PUENTE DE VALLECAS,PALOMERAS BAJAS,40.390337,-3.655176
AREA DE MAYORES,AVENIDA ALBUFERA 290,9544,413005,11096401,"218,453","58,43",PUENTE DE VALLECAS,PALOMERAS SURESTE,40.386333,-3.63918
AREA DE MAYORES,CALLE BENALMADENA 3,8324,413004,11096501,"179,466","54,82",PUENTE DE VALLECAS,PALOMERAS SURESTE,40.385462,-3.637889
AREA DE MAYORES,CALLE TORREMOLINOS 16,9556,413006,11096290,"229,274","60,98",PUENTE DE VALLECAS,PALOMERAS SURESTE,40.383859,-3.639686
AREA DE MAYORES,AVENIDA MIGUEL HERNANDEZ 100,3234,413007,31055673,"372,05","90,39",PUENTE DE VALLECAS,PALOMERAS SURESTE,40.380434,-3.646394
AREA DE MAYORES,CALLE MARTINEZ DE LA RIVA 101,10000,413002,11094828,"74,043","32,98",PUENTE DE VALLECAS,PALOMERAS BAJAS,40.387943,-3.664041
AREA DE MAYORES,RONDA SUR 119,5425,413010,11090039,"46,149","26,95",PUENTE DE VALLECAS,ENTREV�AS,40.37836,-3.679114
AREA DE MAYORES,AVENIDA MIGUEL HERNANDEZ 11,13001,413013,31045393,0,0,PUENTE DE VALLECAS,PALOMERAS SURESTE,40.388435,-3.634255
AREA DE MAYORES,CALLE FELIPE DE DIEGO 8,12944,413011,20082184,0,0,PUENTE DE VALLECAS,PALOMERAS BAJAS,40.37841,-3.660184
AREA DE MAYORES,CALLE CERRO NEGRO 5,8103,403008,31020470,"297,87","69,92",RETIRO,ADELFAS,40.395784,-3.672321
AREA DE MAYORES,CALLE LUIS PEIDRO 17,9065,403010,31041015,"673,53","127,92",RETIRO,ADELFAS,40.396621,-3.672552
AREA DE MAYORES,CALLE ANDALUCIA 15,8106,403009,31052577,"119,43","43,83",RETIRO,ADELFAS,40.401589,-3.672374
AREA DE MAYORES,CALLE JUAN ESPLANDIU 4,5899,403003,31020467,"198,592","57,16",RETIRO,ESTRELLA,40.41684,-3.661142
AREA DE MAYORES,CALLE FEDERICO MORENO TORROBA 9,5994,403007,31022068,"16,972","21,2",RETIRO,ADELFAS,40.404878,-3.66673
AREA DE MAYORES,CALLE JUAN DE URBIETA 50,13047,403011,11013372,0,0,RETIRO,NI�O JES�S,40.407714,-3.674719
AREA DE MAYORES,CALLE NUEVO BAZTAN 6,12916,403012,11011678,0,0,RETIRO,ADELFAS,40.402813,-3.668367
AREA DE MAYORES,AVENIDA CIUDAD DE BARCELONA 154,12917,403013,20088225,0,0,RETIRO,PAC�FICO,40.401745,-3.678088
AREA DE MAYORES,PLAZA SAN CAYETANO 1,13185,404005,31023714,0,0,SALAMANCA,GUINDALERA,40.434125,-3.670299
AREA DE MAYORES,CALLE RAMON DE AGUINAGA 1,6808,404004,11016757,"342,985","80,4",SALAMANCA,FUENTE DEL BERRO,40.427348,-3.664883
AREA DE MAYORES,CALLE LOS PEASCALES 7,6798,404001,11016408,0,0,SALAMANCA,FUENTE DEL BERRO,40.423913,-3.667015
AREA DE MAYORES,CALLE FRANCISCO SILVELA 12,3614,404002,11017054,"291,569","88,22",SALAMANCA,GUINDALERA,40.429989,-3.669748
AREA DE MAYORES,AVENIDA BRASILIA 6,6968,404003,31026007,"89,769",40.04,SALAMANCA,GUINDALERA,40.441897,-3.660705
AREA DE MAYORES,AVENIDA BRASILIA 9,12919,404006,11017831,0,0,SALAMANCA,GUINDALERA,40.436599,-3.661342
AREA DE MAYORES,CALLE PRINCIPE DE VERGARA 64,12921,404007,31047873,0,0,SALAMANCA,LISTA,40.433113,-3.679097
AREA DE MAYORES,CALLE MANCHESTER 30,13073,9900007,20125495,0,0,SAN BLAS - CANILLEJAS,ROSAS,40.430385,-3.602439
AREA DE MAYORES,AVENIDA CANILLEJAS A VICALVARO 135,9666,420011,20145332,"125,763","46,24",SAN BLAS - CANILLEJAS,ROSAS,40.426493,-3.610396
AREA DE MAYORES,PASEO GINEBRA 20,9517,421001,31049541,"326,438","74,15",SAN BLAS - CANILLEJAS,ROSAS,40.423302,-3.602567
AREA DE MAYORES,CALLE MARIA SEVILLA DIAGO 2,9763,420008,20075799,"110,528","43,21",SAN BLAS - CANILLEJAS,ROSAS,40.432534,-3.611416
AREA DE MAYORES,PLAZA CEFIRO 2,9858,420002,11137168,"207,545","60,48",SAN BLAS - CANILLEJAS,CANILLEJAS,40.448519,-3.608
AREA DE MAYORES,CALLE NAVARIDAS 11,4949,420010,20090546,"851,616","130,95",SAN BLAS - CANILLEJAS,REJAS,40.442378,-3.581594
AREA DE MAYORES,AVENIDA SEXTA 4,9938,420006,31010275,"88,013","43,42",SAN BLAS - CANILLEJAS,REJAS,40.449279,-3.597144
AREA DE MAYORES,PLAZA GRECIA 3,4921,420007,20097009,"73,517","34,26",SAN BLAS - CANILLEJAS,ROSAS,40.436082,-3.607311
AREA DE MAYORES,CALLE LUCANO 29,4919,420009,11137656,"275,387","67,23",SAN BLAS - CANILLEJAS,CANILLEJAS,40.439229,-3.610201
AREA DE MAYORES,CALLE ALBAIDA 3,3526,420005,31045409,"112,222","46,97",SAN BLAS - CANILLEJAS,HELL�N,40.431858,-3.620282
AREA DE MAYORES,CALLE MARSELLA 4,12725,0,20144545,0,0,SAN BLAS - CANILLEJAS,ROSAS,40.420337,-3.610298
AREA DE MAYORES,CALLE NECTAR 32,4901,420001,31016901,"165,669","49,16",SAN BLAS - CANILLEJAS,CANILLEJAS,40.442674,-3.610752
AREA DE MAYORES,CALLE NUESTRA SEORA DEL CARMEN 3,13201,406009,20127483,0,0,TETU�N,BERRUGUETE,40.458027,-3.701462
AREA DE MAYORES,AVENIDA BRASIL 13,3311,406004,11030057,"117,791","45,07",TETU�N,CUATRO CAMINOS,40.455989,-3.693673
AREA DE MAYORES,CALLE SINESIO DELGADO 23,9208,406001,31045419,0,0,TETU�N,VALDEACEDERAS,40.471531,-3.705224
AREA DE MAYORES,CALLE VILLAAMIL 90,9224,406002,31050938,"505,633",140.37,TETU�N,VALDEACEDERAS,40.469152,-3.711988
AREA DE MAYORES,CALLE GOIRI 19,3151,406007,31043760,"151,271","49,22",TETU�N,BELLAS VISTAS,40.453118,-3.704147
AREA DE MAYORES,CALLE SAN RAIMUNDO 41,10151,406008,11027980,"45,635","30,89",TETU�N,BELLAS VISTAS,40.45165,-3.706685
AREA DE MAYORES,AVENIDA GENERAL PERON 9,3980,406003,31047944,"193,08","60,18",TETU�N,CUATRO CAMINOS,40.452797,-3.697689
AREA DE MAYORES,CALLE ANTONIO GONZALEZ ECHARTE 2,11025,406005,11031333,"160,265","66,09",TETU�N,ALMENARA,40.467036,-3.691992
AREA DE MAYORES,CALLE SILVINA 18,13066,412014,31030008,0,0,USERA,SAN FERM�N,40.366161,-3.69132
AREA DE MAYORES,CALLE ANTONIO LOPEZ 237,6355,412005,11080894,"256,604","64,08",USERA,ORCASUR,40.380252,-3.695957
AREA DE MAYORES,CALLE EVANGELIOS 2,6360,412003,31004718,"412,597","81,19",USERA,ALMENDRALES,40.383467,-3.700288
AREA DE MAYORES,CALLE CAMINO VIEJO DE VILLAVERDE 34,7687,412012,31030369,"203,638","64,56",USERA,ORCASITAS,40.367035,-3.710408
AREA DE MAYORES,CALLE SEGURA 3,7730,412007,20094347,"104,517","43,93",USERA,ORCASITAS,40.367343,-3.715705
AREA DE MAYORES,CALLE CESTONA 84,7760,412006,11080557,"213,988","65,13",USERA,ORCASITAS,40.37214,-3.71319
AREA DE MAYORES,AVENIDA RAFAELA YBARRA 43,8176,412001,31012599,"265,422","65,43",USERA,PRADOLONGO,40.381648,-3.710901
AREA DE MAYORES,CALLE CERECINOS 2,2503,412004,11085135,"27,877","23,08",USERA,ZOF�O,40.384689,-3.713141
AREA DE MAYORES,AVENIDA POBLADOS 169,3241,412002,31007159,"96,14","57,13",USERA,PRADOLONGO,40.371908,-3.703943
AREA DE MAYORES,CALLE DOCTOR TOLOSA LATOUR 18,3240,412002,31045432,"96,14","57,13",USERA,PRADOLONGO,40.372537,-3.703192
AREA DE MAYORES,CALLE EXPROPIACION 3,4534,412008,31055824,"245,584","62,64",USERA,ORCASITAS,40.369814,-3.704534
AREA DE MAYORES,CALLE RICARDO BELTRAN Y ROZPIDE 10,10059,412011,20001059,"148,954","91,85",USERA,ZOF�O,40.38277,-3.7179
AREA DE MAYORES,CALLE DOCTOR TOLOSA LATOUR 14,12548,412010,31045430,0,0,USERA,PRADOLONGO,40.379694,-3.700754
AREA DE MAYORES,CALLE GRAN AVENIDA 17,12218,412009,31055821,0,0,USERA,ORCASITAS,40.36952,-3.709
AREA DE MAYORES,PLAZA PUEBLO 2,12982,412013,11081298,0,0,USERA,ORCASUR,40.367113,-3.700665
AREA DE MAYORES,CALLE TREN DE ARGANDA 9,4607,419003,20107794,"231,646","67,7",VICALVARO,AMBROZ,40.40355,-3.617228
AREA DE MAYORES,CALLE VILLABLANCA 1,3542,419002,20002424,"98,19",40.3,VICALVARO,CASCO HIST�RICO DE VIC�LVARO,40.409708,-3.608711
AREA DE MAYORES,CALLE LAGO VAN 16,13023,0,31011786,0,0,VICALVARO,CASCO HIST�RICO DE VIC�LVARO,40.40437,-3.605896
AREA DE MAYORES,CALLE LADERA DE LOS ALMENDROS 14,12938,9900016,20151606,0,0,VICALVARO,AMBROZ,40.40238,-3.625065
AREA DE MAYORES,CALLE EZCARAY 68,11030,420001,11133405,"165,669","49,16",VICALVARO,CASCO HIST�RICO DE VIC�LVARO,40.412728,-3.614713
AREA DE MAYORES,CALLE PICO MAMPODRE 9,13069,418014,11130466,0,0,VILLA DE VALLECAS,CASCO HIST�RICO DE VALLECAS,40.377484,-3.621209
AREA DE MAYORES,CALLE VIRGEN DE LAS VIAS 22,9580,418002,31045492,"54,528","29,73",VILLA DE VALLECAS,SANTA EUGENIA,40.380902,-3.609143
AREA DE MAYORES,CALLE MONTE DE MONTJUICH 9,9587,419001,20142445,"353,723","108,92",VILLA DE VALLECAS,SANTA EUGENIA,40.380665,-3.616299
AREA DE MAYORES,CALLE BABILAFUENTE 2,8727,418003,20170570,"77,75","35,1",VILLA DE VALLECAS,CASCO HIST�RICO DE VALLECAS,40.372526,-3.624454
AREA DE MAYORES,CALLE UNANIMIDAD 23,7394,417008,20062129,"304,865","67,97",VILLAVERDE,LOS ROSALES,40.360684,-3.684884
AREA DE MAYORES,CALLE ALCARRIA 8,8983,417011,11128195,"193,85","53,58",VILLAVERDE,LOS ANGELES,40.348557,-3.694307
AREA DE MAYORES,CALLE PAN Y TOROS 24,9012,417012,11128949,"38,213","26,83",VILLAVERDE,LOS ANGELES,40.359251,-3.694885
AREA DE MAYORES,CALLE SAN LUCIANO 11,9397,417004,31010316,"319,045","73,48",VILLAVERDE,LOS ANGELES,40.363369,-3.697943
AREA DE MAYORES,CALLE LA CANCION DEL OLVIDO 20,9412,417010,31009925,"142,866","50,31",VILLAVERDE,LOS ANGELES,40.361514,-3.700151
AREA DE MAYORES,CALLE LA DEL MANOJO DE ROSAS 96,9369,417013,11128593,"86,846","38,55",VILLAVERDE,LOS ANGELES,40.354566,-3.698786
AREA DE MAYORES,CALLE LA DEL MANOJO DE ROSAS 69,9387,417002,31037735,"150,437","49,42",VILLAVERDE,LOS ANGELES,40.354744,-3.696534
AREA DE MAYORES,CALLE ALCOCER 26,9617,417014,31002165,"129,48","46,23",VILLAVERDE,LOS ANGELES,40.350088,-3.698149
AREA DE MAYORES,PASEO ALBERTO PALACIOS 1,9618,417007,11124172,0,0,VILLAVERDE,SAN ANDR�S,40.346363,-3.709341
AREA DE MAYORES,PLAZA PINAZO 9,6018,417001,11126203,0,0,VILLAVERDE,SAN CRISTOBAL,40.342614,-3.691296
AREA DE MAYORES,CALLE GODELLA 102,11027,417006,31010268,0,0,VILLAVERDE,SAN CRISTOBAL,40.340829,-3.688864
AREA DE MAYORES,CALLE BURJASOT 1,6050,417003,31041863,0,0,VILLAVERDE,SAN CRISTOBAL,40.346299,-3.685402
AREA DE MAYORES,CALLE SANTIAGO AMON 2,8979,417005,20047449,"200,85","55,67",VILLAVERDE,LOS ANGELES,40.350625,-3.693841
AREA DE MAYORES,CALLE ASTILLERO 5,12813,417015,20040356,0,0,VILLAVERDE,SAN ANDR�S,40.343005,-3.714007
AREA DE MAYORES,CALLE VILLALONSO 18,12840,417006,20093322,0,0,VILLAVERDE,SAN ANDR�S,40.349662,-3.711366
